timestamp,device_id,risk_score
2025-07-13 22:16:16.667559,6.0,0.3941265325438754
2025-07-13 22:16:16.667584,7.0,0.29132291526419163
2025-07-13 22:16:16.667600,8.0,0.06967810986417583
2025-07-13 22:16:16.667615,9.0,0.656196430469745
2025-07-13 22:16:16.667629,10.0,0.4642125630473818
2025-07-13 22:16:16.667644,12.0,0.0
2025-07-13 22:16:16.667657,13.0,0.004625907513518415
2025-07-13 22:16:16.667671,14.0,0.9999953697241049
2025-07-13 22:16:48.065914,6.0,0.3941265325438754
2025-07-13 22:16:48.065946,7.0,0.29132291526419163
2025-07-13 22:16:48.065963,8.0,0.06967810986417583
2025-07-13 22:16:48.065979,9.0,0.656196430469745
2025-07-13 22:16:48.065994,10.0,0.4642125630473818
2025-07-13 22:16:48.066009,12.0,0.0
2025-07-13 22:16:48.066023,13.0,0.004625907513518415
2025-07-13 22:16:48.066040,14.0,0.9999953697241049
2025-07-13 22:17:48.194761,6.0,0.39243791926477034
2025-07-13 22:17:48.194792,7.0,0.3023961533359688
2025-07-13 22:17:48.194810,8.0,0.06333235643118496
2025-07-13 22:17:48.194826,9.0,0.6660287349427111
2025-07-13 22:17:48.194843,10.0,0.4659548877874032
2025-07-13 22:17:48.194859,12.0,0.0
2025-07-13 22:17:48.194874,13.0,0.012734541545418534
2025-07-13 22:17:48.194890,14.0,0.9999953697241049
2025-07-13 22:18:48.312896,6.0,0.3931683356255235
2025-07-13 22:18:48.312924,7.0,0.28706501642368365
2025-07-13 22:18:48.312941,8.0,0.058609910910708045
2025-07-13 22:18:48.312958,9.0,0.6620402525831987
2025-07-13 22:18:48.312974,10.0,0.44619089933434897
2025-07-13 22:18:48.312990,12.0,0.0
2025-07-13 22:18:48.313006,13.0,0.00917697379315163
2025-07-13 22:18:48.313021,14.0,0.9999954529898625
2025-07-13 22:19:48.436285,6.0,0.27741030597673555
2025-07-13 22:19:48.436312,7.0,0.2035601003386963
2025-07-13 22:19:48.436329,8.0,0.02264908846514705
2025-07-13 22:19:48.436346,9.0,0.31617388190419243
2025-07-13 22:19:48.436362,10.0,0.3385457267740445
2025-07-13 22:19:48.436378,12.0,0.0
2025-07-13 22:19:48.436394,13.0,0.008026456771672559
2025-07-13 22:19:48.436410,14.0,0.9999961004346714
2025-07-13 22:20:48.560683,6.0,0.2701656109986979
2025-07-13 22:20:48.560711,7.0,0.21896468846814526
2025-07-13 22:20:48.560729,8.0,0.030315585540174404
2025-07-13 22:20:48.560746,9.0,0.3248443390615613
2025-07-13 22:20:48.560762,10.0,0.3390680951779825
2025-07-13 22:20:48.560778,12.0,0.0
2025-07-13 22:20:48.560794,13.0,0.007852569181440769
2025-07-13 22:20:48.560810,14.0,0.9999961606935602
2025-07-13 22:21:48.688592,6.0,0.2672219840090496
2025-07-13 22:21:48.688622,7.0,0.2082333995955505
2025-07-13 22:21:48.688639,8.0,0.026404576060679807
2025-07-13 22:21:48.688655,9.0,0.32212124673307874
2025-07-13 22:21:48.688670,10.0,0.34130109805458936
2025-07-13 22:21:48.688685,12.0,0.0
2025-07-13 22:21:48.688700,13.0,0.0045464628648316675
2025-07-13 22:21:48.688715,14.0,0.9999961452085595
2025-07-13 22:22:48.837606,6.0,0.2730783102892925
2025-07-13 22:22:48.837630,7.0,0.20707215566765255
2025-07-13 22:22:48.837646,8.0,0.022708411002886498
2025-07-13 22:22:48.837661,9.0,0.3275388213763345
2025-07-13 22:22:48.837676,10.0,0.3425396583032471
2025-07-13 22:22:48.837690,12.0,0.0
2025-07-13 22:22:48.837704,13.0,0.011122488293628212
2025-07-13 22:22:48.837719,14.0,0.9999961840485804
2025-07-13 22:23:48.968282,6.0,0.26563844647384816
2025-07-13 22:23:48.968308,7.0,0.19761437607888716
2025-07-13 22:23:48.968326,8.0,0.011502987679458941
2025-07-13 22:23:48.968343,9.0,0.3174641727732518
2025-07-13 22:23:48.968359,10.0,0.3366534621836052
2025-07-13 22:23:48.968376,12.0,0.0
2025-07-13 22:23:48.968391,13.0,0.005260719984836659
2025-07-13 22:23:48.968407,14.0,0.9999961449932607
2025-07-13 22:24:49.091734,6.0,0.2610873168272069
2025-07-13 22:24:49.091761,7.0,0.19881882359769407
2025-07-13 22:24:49.091778,8.0,0.021483936872115448
2025-07-13 22:24:49.091794,9.0,0.3203741537391458
2025-07-13 22:24:49.091810,10.0,0.34433452244525353
2025-07-13 22:24:49.091827,12.0,0.0
2025-07-13 22:24:49.091842,13.0,0.014561736585207622
2025-07-13 22:24:49.091857,14.0,0.9999961661158395
2025-07-13 22:25:49.209517,6.0,0.252705731515776
2025-07-13 22:25:49.209543,7.0,0.19330784985941707
2025-07-13 22:25:49.209559,8.0,0.024210205262832855
2025-07-13 22:25:49.209575,9.0,0.3142908573965368
2025-07-13 22:25:49.209591,10.0,0.34290312339142914
2025-07-13 22:25:49.209607,12.0,0.0
2025-07-13 22:25:49.209622,13.0,0.017454544662099152
2025-07-13 22:25:49.209637,14.0,0.9999962511699984
2025-07-13 22:26:49.333462,6.0,0.24864705517333788
2025-07-13 22:26:49.333488,7.0,0.1884970004385886
2025-07-13 22:26:49.333505,8.0,0.0179492698673384
2025-07-13 22:26:49.333521,9.0,0.3149662415007375
2025-07-13 22:26:49.333538,10.0,0.33998664350479046
2025-07-13 22:26:49.333554,12.0,0.0
2025-07-13 22:26:49.333571,13.0,0.007789184900693302
2025-07-13 22:26:49.333588,14.0,0.9999962036974468
2025-07-13 22:29:43.739585,6.0,0.2511128138906456
2025-07-13 22:29:43.739620,7.0,0.19116015709361653
2025-07-13 22:29:43.739637,8.0,0.02117212294236255
2025-07-13 22:29:43.739653,9.0,0.3172143566818916
2025-07-13 22:29:43.739668,10.0,0.3421526477755172
2025-07-13 22:29:43.739683,12.0,0.0
2025-07-13 22:29:43.739698,13.0,0.014350390204156117
2025-07-13 22:29:43.739712,14.0,0.999996216155994
2025-07-13 22:34:04.662348,6.0,0.2553018933399413
2025-07-13 22:34:04.662378,7.0,0.1829398523940692
2025-07-13 22:34:04.662395,8.0,0.01815060499285991
2025-07-13 22:34:04.662411,9.0,0.3102751494869973
2025-07-13 22:34:04.662426,10.0,0.34034905393984843
2025-07-13 22:34:04.662440,12.0,0.0
2025-07-13 22:34:04.662454,13.0,0.0112296406439969
2025-07-13 22:34:04.662468,14.0,0.9999961679835834
2025-07-13 22:35:04.793748,6.0,0.25280888665406187
2025-07-13 22:35:04.793778,7.0,0.1802046011660477
2025-07-13 22:35:04.793794,8.0,0.014863693042381634
2025-07-13 22:35:04.793811,9.0,0.3079661753559122
2025-07-13 22:35:04.793827,10.0,0.3381407574447086
2025-07-13 22:35:04.793843,12.0,0.0
2025-07-13 22:35:04.793858,13.0,0.004555249269685777
2025-07-13 22:35:04.793874,14.0,0.9999961551552407
2025-07-13 22:36:04.919137,6.0,0.25983056874218663
2025-07-13 22:36:04.919164,7.0,0.18499155936846473
2025-07-13 22:36:04.919182,8.0,0.007714367944731328
2025-07-13 22:36:04.919201,9.0,0.3072364749828417
2025-07-13 22:36:04.919217,10.0,0.35280984100201634
2025-07-13 22:36:04.919233,12.0,0.0
2025-07-13 22:36:04.919249,13.0,0.0012464411504745756
2025-07-13 22:36:04.919265,14.0,0.9999960263590579
2025-07-13 22:37:05.033945,6.0,0.26029197447307495
2025-07-13 22:37:05.033971,7.0,0.1737090126164008
2025-07-13 22:37:05.033987,8.0,0.014238426709684877
2025-07-13 22:37:05.034003,9.0,0.30303355218309247
2025-07-13 22:37:05.034019,10.0,0.34786411396332556
2025-07-13 22:37:05.034035,12.0,0.0
2025-07-13 22:37:05.034050,13.0,0.009402688120392584
2025-07-13 22:37:05.034065,14.0,0.9999960219573674
2025-07-13 22:38:05.163137,6.0,0.25715253403447114
2025-07-13 22:38:05.163164,7.0,0.1739107933654207
2025-07-13 22:38:05.163181,8.0,0.011253942219398691
2025-07-13 22:38:05.163197,9.0,0.2998671945885816
2025-07-13 22:38:05.163214,10.0,0.34739126401689935
2025-07-13 22:38:05.163230,12.0,0.0
2025-07-13 22:38:05.163245,13.0,0.0064212490097228575
2025-07-13 22:38:05.163261,14.0,0.9999960190729728
2025-07-13 22:39:05.308956,6.0,0.25854298487336813
2025-07-13 22:39:05.308986,7.0,0.17254180315073667
2025-07-13 22:39:05.309003,8.0,0.010647285615370037
2025-07-13 22:39:05.309018,9.0,0.3018483496224229
2025-07-13 22:39:05.309033,10.0,0.3413351158665408
2025-07-13 22:39:05.309048,12.0,0.0
2025-07-13 22:39:05.309062,13.0,0.009339508286418967
2025-07-13 22:39:05.309077,14.0,0.999996046963588
2025-07-13 22:40:05.433067,6.0,0.265613023709902
2025-07-13 22:40:05.433095,7.0,0.18976379755494918
2025-07-13 22:40:05.433112,8.0,0.010093624246439715
2025-07-13 22:40:05.433129,9.0,0.306869476045852
2025-07-13 22:40:05.433146,10.0,0.35645335927717414
2025-07-13 22:40:05.433162,12.0,0.0
2025-07-13 22:40:05.433178,13.0,0.01023602273400348
2025-07-13 22:40:05.433193,14.0,0.9999959794275046
2025-07-13 22:41:05.550461,6.0,0.26300947423378274
2025-07-13 22:41:05.550492,7.0,0.17902403972629255
2025-07-13 22:41:05.550511,8.0,0.010150731054527861
2025-07-13 22:41:05.550530,9.0,0.30022753204467273
2025-07-13 22:41:05.550547,10.0,0.3498826737008955
2025-07-13 22:41:05.550562,12.0,0.0
2025-07-13 22:41:05.550577,13.0,0.013868268270030465
2025-07-13 22:41:05.550592,14.0,0.9999959651737668
2025-07-13 22:42:05.646026,6.0,0.25682714860472355
2025-07-13 22:42:05.646053,7.0,0.17304879903929807
2025-07-13 22:42:05.646070,8.0,0.01718301538786211
2025-07-13 22:42:05.646086,9.0,0.29308360297143093
2025-07-13 22:42:05.646102,10.0,0.3442781016944756
2025-07-13 22:42:05.646117,12.0,0.0
2025-07-13 22:42:05.646133,13.0,0.015459083776443018
2025-07-13 22:42:05.646148,14.0,0.9999959916626541
2025-07-13 22:43:05.756767,6.0,0.25102029709734713
2025-07-13 22:43:05.756793,7.0,0.16641916299229276
2025-07-13 22:43:05.756810,8.0,0.010676787230079835
2025-07-13 22:43:05.756827,9.0,0.2924020646440237
2025-07-13 22:43:05.756842,10.0,0.3414728900011746
2025-07-13 22:43:05.756859,12.0,0.0
2025-07-13 22:43:05.756874,13.0,0.0010933349287881237
2025-07-13 22:43:05.756889,14.0,0.9999959745147827
2025-07-13 22:44:05.872116,6.0,0.2536478172780358
2025-07-13 22:44:05.872149,7.0,0.16561099286516626
2025-07-13 22:44:05.872166,8.0,0.01372006501366522
2025-07-13 22:44:05.872182,9.0,0.2909218339788062
2025-07-13 22:44:05.872198,10.0,0.3414728900011746
2025-07-13 22:44:05.872214,12.0,0.0
2025-07-13 22:44:05.872229,13.0,0.0076795538811399834
2025-07-13 22:44:05.872244,14.0,0.9999959745147827
2025-07-13 22:45:05.971482,6.0,0.24873954894731815
2025-07-13 22:45:05.971508,7.0,0.1676079654931675
2025-07-13 22:45:05.971525,8.0,0.009570280134423036
2025-07-13 22:45:05.971542,9.0,0.2885688685417389
2025-07-13 22:45:05.971558,10.0,0.3390284328470407
2025-07-13 22:45:05.971573,12.0,0.00548107463695009
2025-07-13 22:45:05.971589,13.0,0.0
2025-07-13 22:45:05.971604,14.0,0.9999959763529933
2025-07-13 22:46:06.083699,6.0,0.24645087840732044
2025-07-13 22:46:06.083729,7.0,0.17566561789575902
2025-07-13 22:46:06.083745,8.0,0.006154368964806642
2025-07-13 22:46:06.083760,9.0,0.29043338235967237
2025-07-13 22:46:06.083775,10.0,0.36036871929312553
2025-07-13 22:46:06.083789,12.0,0.0019748732346241775
2025-07-13 22:46:06.083804,13.0,0.0
2025-07-13 22:46:06.083818,14.0,0.9999958893034155
2025-07-13 22:47:06.193416,6.0,0.24645087840732044
2025-07-13 22:47:06.193443,7.0,0.17566561789575902
2025-07-13 22:47:06.193459,8.0,0.006154368964806642
2025-07-13 22:47:06.193475,9.0,0.29043338235967237
2025-07-13 22:47:06.193491,10.0,0.36036871929312553
2025-07-13 22:47:06.193506,12.0,0.0019748732346241775
2025-07-13 22:47:06.193522,13.0,0.0
2025-07-13 22:47:06.193536,14.0,0.9999958893034155
2025-07-13 22:48:06.285877,6.0,0.20690322895251265
2025-07-13 22:48:06.285904,7.0,0.12991299158919156
2025-07-13 22:48:06.285921,8.0,0.05432868077351532
2025-07-13 22:48:06.285937,9.0,0.1662500327590165
2025-07-13 22:48:06.285953,10.0,0.29974712641708245
2025-07-13 22:48:06.285968,12.0,0.025111810556975214
2025-07-13 22:48:06.285984,13.0,0.0
2025-07-13 22:48:06.285999,14.0,0.9999959987490337
2025-07-13 22:49:06.408768,6.0,0.1890950060982198
2025-07-13 22:49:06.408794,7.0,0.11259338038604531
2025-07-13 22:49:06.408811,8.0,0.03824845874602366
2025-07-13 22:49:06.408827,9.0,0.15207292357235075
2025-07-13 22:49:06.408843,10.0,0.2992008664986173
2025-07-13 22:49:06.408859,12.0,0.018889852918522937
2025-07-13 22:49:06.408874,13.0,0.0
2025-07-13 22:49:06.408889,14.0,0.9999959221456413
2025-07-13 22:50:06.534469,6.0,0.2014809907469608
2025-07-13 22:50:06.534495,7.0,0.12433169019849381
2025-07-13 22:50:06.534512,8.0,0.04324687070806038
2025-07-13 22:50:06.534528,9.0,0.15716293053225466
2025-07-13 22:50:06.534545,10.0,0.2963782633782146
2025-07-13 22:50:06.534561,12.0,0.024779342257767064
2025-07-13 22:50:06.534576,13.0,0.0
2025-07-13 22:50:06.534591,14.0,0.9999959466245235
2025-07-13 22:51:06.660200,6.0,0.1878943751961781
2025-07-13 22:51:06.660228,7.0,0.10723514977716138
2025-07-13 22:51:06.660245,8.0,0.041452936563967285
2025-07-13 22:51:06.660261,9.0,0.1521589317282484
2025-07-13 22:51:06.660277,10.0,0.2961008114508501
2025-07-13 22:51:06.660293,12.0,0.02307453482963548
2025-07-13 22:51:06.660308,13.0,0.0
2025-07-13 22:51:06.660323,14.0,0.9999959651717829
2025-07-13 22:52:06.784006,6.0,0.19441237851484838
2025-07-13 22:52:06.784031,7.0,0.11768827886111885
2025-07-13 22:52:06.784047,8.0,0.048114581385639676
2025-07-13 22:52:06.784063,9.0,0.16999937283055244
2025-07-13 22:52:06.784078,10.0,0.30251267722209324
2025-07-13 22:52:06.784093,12.0,0.02975420666109795
2025-07-13 22:52:06.784108,13.0,0.0
2025-07-13 22:52:06.784123,14.0,0.9999959691294659
2025-07-13 22:53:06.911898,6.0,0.19552873151519987
2025-07-13 22:53:06.911924,7.0,0.12225038178959073
2025-07-13 22:53:06.911940,8.0,0.04839086449940454
2025-07-13 22:53:06.911955,9.0,0.17497260567837994
2025-07-13 22:53:06.911971,10.0,0.29635280561315186
2025-07-13 22:53:06.911986,12.0,0.036782599230202745
2025-07-13 22:53:06.912001,13.0,0.0
2025-07-13 22:53:06.912015,14.0,0.9999959459834376
2025-07-13 22:54:07.039945,6.0,0.19552873151519987
2025-07-13 22:54:07.039972,7.0,0.12225038178959073
2025-07-13 22:54:07.039989,8.0,0.04839086449940454
2025-07-13 22:54:07.040005,9.0,0.17497260567837994
2025-07-13 22:54:07.040020,10.0,0.29635280561315186
2025-07-13 22:54:07.040036,12.0,0.036782599230202745
2025-07-13 22:54:07.040051,13.0,0.0
2025-07-13 22:54:07.040065,14.0,0.9999959459834376
2025-07-13 22:55:07.168551,6.0,0.19148848681269315
2025-07-13 22:55:07.168578,7.0,0.12614487702294094
2025-07-13 22:55:07.168595,8.0,0.04839086449940454
2025-07-13 22:55:07.168610,9.0,0.17497260567837994
2025-07-13 22:55:07.168626,10.0,0.29635280561315186
2025-07-13 22:55:07.168641,12.0,0.036782599230202745
2025-07-13 22:55:07.168656,13.0,0.0
2025-07-13 22:55:07.168670,14.0,0.9999959459834376
2025-07-13 22:56:07.287551,6.0,0.19337537289942994
2025-07-13 22:56:07.287580,7.0,0.12899108760071393
2025-07-13 22:56:07.287599,8.0,0.048212569308977264
2025-07-13 22:56:07.287617,9.0,0.17432792254713894
2025-07-13 22:56:07.287632,10.0,0.295260899517714
2025-07-13 22:56:07.287646,12.0,0.039798472020512
2025-07-13 22:56:07.287661,13.0,0.0
2025-07-13 22:56:07.287675,14.0,0.9999959554446107
2025-07-13 22:57:07.421734,6.0,0.19678550697567856
2025-07-13 22:57:07.421763,7.0,0.13232779048877183
2025-07-13 22:57:07.421781,8.0,0.051184991452227005
2025-07-13 22:57:07.421799,9.0,0.19634820930282287
2025-07-13 22:57:07.421814,10.0,0.30443135293049983
2025-07-13 22:57:07.421828,12.0,0.028844353073722975
2025-07-13 22:57:07.421842,13.0,0.0
2025-07-13 22:57:07.421855,14.0,0.9999960009456005
2025-07-13 22:58:07.554267,6.0,0.19907667639481047
2025-07-13 22:58:07.554314,7.0,0.13604903533677332
2025-07-13 22:58:07.554334,8.0,0.0608326166088542
2025-07-13 22:58:07.554352,9.0,0.16932964728510738
2025-07-13 22:58:07.554368,10.0,0.28492204716394703
2025-07-13 22:58:07.554383,12.0,0.023830434750392548
2025-07-13 22:58:07.554398,13.0,0.0
2025-07-13 22:58:07.554413,14.0,0.9999960913746165
2025-07-13 22:59:07.680555,6.0,0.18983827811744786
2025-07-13 22:59:07.680581,7.0,0.1385167345802333
2025-07-13 22:59:07.680597,8.0,0.05712273281259308
2025-07-13 22:59:07.680613,9.0,0.1610820927275005
2025-07-13 22:59:07.680628,10.0,0.2786058164848004
2025-07-13 22:59:07.680642,12.0,0.02767595750746141
2025-07-13 22:59:07.680657,13.0,0.0
2025-07-13 22:59:07.680671,14.0,0.9999961436216328
2025-07-13 23:00:07.804156,6.0,0.19168926071374173
2025-07-13 23:00:07.804184,7.0,0.13928558911865843
2025-07-13 23:00:07.804199,8.0,0.05388079137071826
2025-07-13 23:00:07.804214,9.0,0.17034523355999984
2025-07-13 23:00:07.804229,10.0,0.28098845039632797
2025-07-13 23:00:07.804244,12.0,0.031333745700588465
2025-07-13 23:00:07.804258,13.0,0.0
2025-07-13 23:00:07.804272,14.0,0.9999961222163202
2025-07-13 23:01:07.930854,6.0,0.19168926071374173
2025-07-13 23:01:07.930883,7.0,0.13928558911865843
2025-07-13 23:01:07.930901,8.0,0.05388079137071826
2025-07-13 23:01:07.930918,9.0,0.17034523355999984
2025-07-13 23:01:07.930932,10.0,0.28098845039632797
2025-07-13 23:01:07.930946,12.0,0.031333745700588465
2025-07-13 23:01:07.930960,13.0,0.0
2025-07-13 23:01:07.930973,14.0,0.9999961222163202
2025-07-13 23:02:08.035623,6.0,0.19535197605126223
2025-07-13 23:02:08.035652,7.0,0.13480131150286734
2025-07-13 23:02:08.035668,8.0,0.0667715120070221
2025-07-13 23:02:08.035684,9.0,0.17170763743229056
2025-07-13 23:02:08.035700,10.0,0.28519699918394875
2025-07-13 23:02:08.035715,12.0,0.03595494738080697
2025-07-13 23:02:08.035730,13.0,0.0
2025-07-13 23:02:08.035744,14.0,0.9999960882550918
2025-07-13 23:03:08.152033,6.0,0.19593196187697626
2025-07-13 23:03:08.152061,7.0,0.1354249419112193
2025-07-13 23:03:08.152079,8.0,0.06669429096049699
2025-07-13 23:03:08.152094,9.0,0.1761457846922055
2025-07-13 23:03:08.152108,10.0,0.2897920721911163
2025-07-13 23:03:08.152122,12.0,0.03236682261461283
2025-07-13 23:03:08.152136,13.0,0.0
2025-07-13 23:03:08.152150,14.0,0.9999960910746558
2025-07-13 23:04:08.273820,6.0,0.1976111007669594
2025-07-13 23:04:08.273846,7.0,0.14059094756903934
2025-07-13 23:04:08.273865,8.0,0.06774341061780703
2025-07-13 23:04:08.273883,9.0,0.1807935812403965
2025-07-13 23:04:08.273897,10.0,0.29603713456201813
2025-07-13 23:04:08.273911,12.0,0.032510425992231994
2025-07-13 23:04:08.273925,13.0,0.0
2025-07-13 23:04:08.273938,14.0,0.9999960720190807
2025-07-13 23:05:08.393021,6.0,0.1976111007669594
2025-07-13 23:05:08.393046,7.0,0.14059094756903934
2025-07-13 23:05:08.393062,8.0,0.06774341061780703
2025-07-13 23:05:08.393076,9.0,0.1807935812403965
2025-07-13 23:05:08.393091,10.0,0.29603713456201813
2025-07-13 23:05:08.393105,12.0,0.032510425992231994
2025-07-13 23:05:08.393119,13.0,0.0
2025-07-13 23:05:08.393132,14.0,0.9999960720190807
2025-07-13 23:06:08.523359,6.0,0.1976111007669594
2025-07-13 23:06:08.523386,7.0,0.14059094756903934
2025-07-13 23:06:08.523401,8.0,0.06774341061780703
2025-07-13 23:06:08.523416,9.0,0.1807935812403965
2025-07-13 23:06:08.523431,10.0,0.29603713456201813
2025-07-13 23:06:08.523445,12.0,0.032510425992231994
2025-07-13 23:06:08.523459,13.0,0.0
2025-07-13 23:06:08.523473,14.0,0.9999960720190807
2025-07-13 23:07:08.641420,6.0,0.1976111007669594
2025-07-13 23:07:08.641450,7.0,0.14059094756903934
2025-07-13 23:07:08.641467,8.0,0.06774341061780703
2025-07-13 23:07:08.641484,9.0,0.1807935812403965
2025-07-13 23:07:08.641499,10.0,0.29603713456201813
2025-07-13 23:07:08.641514,12.0,0.032510425992231994
2025-07-13 23:07:08.641529,13.0,0.0
2025-07-13 23:07:08.641543,14.0,0.9999960720190807
2025-07-13 23:08:08.762407,6.0,0.19370949105737112
2025-07-13 23:08:08.762435,7.0,0.14438074024502728
2025-07-13 23:08:08.762451,8.0,0.06774341061780703
2025-07-13 23:08:08.762466,9.0,0.1807935812403965
2025-07-13 23:08:08.762481,10.0,0.29603713456201813
2025-07-13 23:08:08.762495,12.0,0.032510425992231994
2025-07-13 23:08:08.762509,13.0,0.0
2025-07-13 23:08:08.762523,14.0,0.9999960720190807
2025-07-13 23:09:08.892274,6.0,0.19479784997285796
2025-07-13 23:09:08.892302,7.0,0.14519194502912183
2025-07-13 23:09:08.892318,8.0,0.0681240277187499
2025-07-13 23:09:08.892334,9.0,0.18570556156335766
2025-07-13 23:09:08.892349,10.0,0.30184056817714977
2025-07-13 23:09:08.892364,12.0,0.032693086179824145
2025-07-13 23:09:08.892378,13.0,0.0
2025-07-13 23:09:08.892392,14.0,0.9999960499496765
2025-07-13 23:10:09.015378,6.0,0.20598636013294555
2025-07-13 23:10:09.015406,7.0,0.1453298088058996
2025-07-13 23:10:09.015422,8.0,0.06846430834187935
2025-07-13 23:10:09.015436,9.0,0.1761327611995001
2025-07-13 23:10:09.015451,10.0,0.30726429886903717
2025-07-13 23:10:09.015465,12.0,0.03616881827482016
2025-07-13 23:10:09.015479,13.0,0.0
2025-07-13 23:10:09.015492,14.0,0.9999960572057617
2025-07-13 23:11:09.140980,6.0,0.20598636013294555
2025-07-13 23:11:09.141004,7.0,0.1453298088058996
2025-07-13 23:11:09.141020,8.0,0.06846430834187935
2025-07-13 23:11:09.141035,9.0,0.1761327611995001
2025-07-13 23:11:09.141049,10.0,0.30726429886903717
2025-07-13 23:11:09.141064,12.0,0.03616881827482016
2025-07-13 23:11:09.141078,13.0,0.0
2025-07-13 23:11:09.141091,14.0,0.9999960572057617
2025-07-13 23:12:09.259670,6.0,0.20738738446540064
2025-07-13 23:12:09.259694,7.0,0.14631827521812504
2025-07-13 23:12:09.259709,8.0,0.06526560572611974
2025-07-13 23:12:09.259724,9.0,0.1765228757459665
2025-07-13 23:12:09.259738,10.0,0.3135323523005874
2025-07-13 23:12:09.259752,12.0,0.04362967382236167
2025-07-13 23:12:09.259766,13.0,0.0
2025-07-13 23:12:09.259780,14.0,0.9999960321195085
2025-07-13 23:13:09.384183,6.0,0.20258026094628548
2025-07-13 23:13:09.384207,7.0,0.14815393741736155
2025-07-13 23:13:09.384223,8.0,0.05923470428110443
2025-07-13 23:13:09.384237,9.0,0.17144998504605993
2025-07-13 23:13:09.384252,10.0,0.31235894625786675
2025-07-13 23:13:09.384266,12.0,0.03741247034746077
2025-07-13 23:13:09.384281,13.0,0.0
2025-07-13 23:13:09.384295,14.0,0.9999959925274364
2025-07-13 23:14:09.509266,6.0,0.21370179341596246
2025-07-13 23:14:09.509291,7.0,0.1653712311558489
2025-07-13 23:14:09.509307,8.0,0.06823369386739667
2025-07-13 23:14:09.509322,9.0,0.18959804401707445
2025-07-13 23:14:09.509337,10.0,0.31413833035273747
2025-07-13 23:14:09.509352,12.0,0.04617949233254008
2025-07-13 23:14:09.509366,13.0,0.0
2025-07-13 23:14:09.509380,14.0,0.9999959612144923
2025-07-13 23:15:09.622743,6.0,0.2149235569879768
2025-07-13 23:15:09.622768,7.0,0.1742494392179431
2025-07-13 23:15:09.622783,8.0,0.0723803557644875
2025-07-13 23:15:09.622798,9.0,0.18268028102612707
2025-07-13 23:15:09.622813,10.0,0.3159343039029047
2025-07-13 23:15:09.622827,12.0,0.0464435070635545
2025-07-13 23:15:09.622841,13.0,0.0
2025-07-13 23:15:09.622855,14.0,0.9999959381241806
2025-07-13 23:16:09.734476,6.0,0.1421316821644989
2025-07-13 23:16:09.734501,7.0,0.14493884331991994
2025-07-13 23:16:09.734517,8.0,0.08615996285897487
2025-07-13 23:16:09.734532,9.0,0.1766635510891661
2025-07-13 23:16:09.734546,10.0,0.32960376698971683
2025-07-13 23:16:09.734561,12.0,0.047065862821636
2025-07-13 23:16:09.734575,13.0,0.0
2025-07-13 23:16:09.734588,14.0,0.9999958842224961
2025-07-13 23:17:09.858730,6.0,0.1458802363958316
2025-07-13 23:17:09.858755,7.0,0.144682806313546
2025-07-13 23:17:09.858773,8.0,0.09522087274749486
2025-07-13 23:17:09.858789,9.0,0.17214662036055017
2025-07-13 23:17:09.858803,10.0,0.35879201962898616
2025-07-13 23:17:09.858818,12.0,0.053572991918199364
2025-07-13 23:17:09.858832,13.0,0.0
2025-07-13 23:17:09.858845,14.0,0.9999959315141838
2025-07-13 23:18:09.983944,6.0,0.13890070676581515
2025-07-13 23:18:09.983970,7.0,0.14169777183105248
2025-07-13 23:18:09.983985,8.0,0.09563420261225866
2025-07-13 23:18:09.984000,9.0,0.17267038876868956
2025-07-13 23:18:09.984014,10.0,0.3624790507304547
2025-07-13 23:18:09.984028,12.0,0.049650087229481187
2025-07-13 23:18:09.984042,13.0,0.0
2025-07-13 23:18:09.984056,14.0,0.9999958896338259
2025-07-13 23:19:10.110001,6.0,0.13873340687076646
2025-07-13 23:19:10.110030,7.0,0.14235761332024766
2025-07-13 23:19:10.110047,8.0,0.09551901535056172
2025-07-13 23:19:10.110062,9.0,0.17738119235815453
2025-07-13 23:19:10.110076,10.0,0.3629691610421296
2025-07-13 23:19:10.110090,12.0,0.05038069269818277
2025-07-13 23:19:10.110104,13.0,0.0
2025-07-13 23:19:10.110117,14.0,0.9999958927937737
2025-07-13 23:20:10.238183,6.0,0.13873340687076646
2025-07-13 23:20:10.238208,7.0,0.14235761332024766
2025-07-13 23:20:10.238224,8.0,0.09551901535056172
2025-07-13 23:20:10.238239,9.0,0.17738119235815453
2025-07-13 23:20:10.238253,10.0,0.3629691610421296
2025-07-13 23:20:10.238268,12.0,0.05038069269818277
2025-07-13 23:20:10.238282,13.0,0.0
2025-07-13 23:20:10.238295,14.0,0.9999958927937737
2025-07-13 23:21:10.350662,6.0,0.14037727677108292
2025-07-13 23:21:10.350687,7.0,0.14402422656528718
2025-07-13 23:21:10.350703,8.0,0.10082726785662832
2025-07-13 23:21:10.350718,9.0,0.17431794766428374
2025-07-13 23:21:10.350733,10.0,0.3650876838961712
2025-07-13 23:21:10.350747,12.0,0.0506747470155719
2025-07-13 23:21:10.350761,13.0,0.0
2025-07-13 23:21:10.350775,14.0,0.9999958688214609
2025-07-13 23:22:10.478420,6.0,0.1366127871130591
2025-07-13 23:22:10.478447,7.0,0.14030069523187075
2025-07-13 23:22:10.478463,8.0,0.08866741828192051
2025-07-13 23:22:10.478477,9.0,0.18095783174162924
2025-07-13 23:22:10.478491,10.0,0.3638468817899508
2025-07-13 23:22:10.478506,12.0,0.047511772297571205
2025-07-13 23:22:10.478519,13.0,0.0
2025-07-13 23:22:10.478533,14.0,0.9999958224248386
2025-07-13 23:23:10.615708,6.0,0.18718490510152205
2025-07-13 23:23:10.615733,7.0,0.17907278791016573
2025-07-13 23:23:10.615749,8.0,0.08581263926169115
2025-07-13 23:23:10.615765,9.0,0.0
2025-07-13 23:23:10.615779,10.0,0.3951479901282091
2025-07-13 23:23:10.615793,12.0,0.058690623888001066
2025-07-13 23:23:10.615808,13.0,0.012320381075453631
2025-07-13 23:23:10.615822,14.0,0.9999956486900518
2025-07-13 23:24:10.731133,6.0,0.1674512477139601
2025-07-13 23:24:10.731156,7.0,0.17454642818658817
2025-07-13 23:24:10.731171,8.0,0.06730860406062013
2025-07-13 23:24:10.731186,9.0,0.005620695292628744
2025-07-13 23:24:10.731201,10.0,0.402028022049709
2025-07-13 23:24:10.731215,12.0,0.048088466454599084
2025-07-13 23:24:10.731229,13.0,0.0
2025-07-13 23:24:10.731242,14.0,0.9999954974929453
2025-07-13 23:25:10.863955,6.0,0.29355360900984045
2025-07-13 23:25:10.863982,7.0,0.389983063920241
2025-07-13 23:25:10.863998,8.0,0.0
2025-07-13 23:25:10.864013,9.0,0.09393081980382227
2025-07-13 23:25:10.864028,10.0,0.43999846053223196
2025-07-13 23:25:10.864042,12.0,0.09869200247082896
2025-07-13 23:25:10.864057,13.0,0.04962611745921812
2025-07-13 23:25:10.864071,14.0,0.9999958156204385
2025-07-13 23:26:10.994276,6.0,0.47220251894756154
2025-07-13 23:26:10.994300,7.0,0.3972191844510307
2025-07-13 23:26:10.994315,8.0,0.0
2025-07-13 23:26:10.994329,9.0,0.11626979129056572
2025-07-13 23:26:10.994344,10.0,0.49507197671002623
2025-07-13 23:26:10.994358,12.0,0.058712808174549866
2025-07-13 23:26:10.994372,13.0,0.0371572852654797
2025-07-13 23:26:10.994386,14.0,0.9999957188862576
2025-07-13 23:27:11.110753,6.0,0.4620090988269366
2025-07-13 23:27:11.110777,7.0,0.39530997383309674
2025-07-13 23:27:11.110792,8.0,0.0
2025-07-13 23:27:11.110806,9.0,0.12468459939804888
2025-07-13 23:27:11.110821,10.0,0.48785556724623574
2025-07-13 23:27:11.110835,12.0,0.0636979837056461
2025-07-13 23:27:11.110848,13.0,0.04881642339928536
2025-07-13 23:27:11.110862,14.0,0.9999957119878007
2025-07-13 23:28:11.242299,6.0,0.5024505575540725
2025-07-13 23:28:11.242324,7.0,0.3663312978872735
2025-07-13 23:28:11.242340,8.0,0.0
2025-07-13 23:28:11.242354,9.0,0.1797506649487658
2025-07-13 23:28:11.242369,10.0,0.5744497781783903
2025-07-13 23:28:11.242384,12.0,0.10224247566769165
2025-07-13 23:28:11.242398,13.0,0.08933836987766396
2025-07-13 23:28:11.242412,14.0,0.9999962245479486
2025-07-13 23:29:11.371112,6.0,0.47867535432982283
2025-07-13 23:29:11.371138,7.0,0.36033614550226645
2025-07-13 23:29:11.371153,8.0,0.0
2025-07-13 23:29:11.371168,9.0,0.18659119678213673
2025-07-13 23:29:11.371182,10.0,0.587672014069088
2025-07-13 23:29:11.371197,12.0,0.11192079437232538
2025-07-13 23:29:11.371211,13.0,0.08734231311170197
2025-07-13 23:29:11.371225,14.0,0.9999963670696992
2025-07-13 23:30:11.487856,6.0,0.47867535432982283
2025-07-13 23:30:11.487880,7.0,0.36033614550226645
2025-07-13 23:30:11.487896,8.0,0.0
2025-07-13 23:30:11.487910,9.0,0.18659119678213673
2025-07-13 23:30:11.487924,10.0,0.587672014069088
2025-07-13 23:30:11.487938,12.0,0.11192079437232538
2025-07-13 23:30:11.487953,13.0,0.08734231311170197
2025-07-13 23:30:11.487967,14.0,0.9999963670696992
2025-07-13 23:31:11.614463,6.0,0.4888598779233146
2025-07-13 23:31:11.614488,7.0,0.35487498745302754
2025-07-13 23:31:11.614503,8.0,0.0
2025-07-13 23:31:11.614517,9.0,0.17907522870820636
2025-07-13 23:31:11.614531,10.0,0.5888721433517493
2025-07-13 23:31:11.614545,12.0,0.11136061841034449
2025-07-13 23:31:11.614560,13.0,0.08009946866045306
2025-07-13 23:31:11.614573,14.0,0.9999963852529173
2025-07-13 23:32:11.714760,6.0,0.4913189838110035
2025-07-13 23:32:11.714785,7.0,0.3566601107786447
2025-07-13 23:32:11.714800,8.0,0.0
2025-07-13 23:32:11.714813,9.0,0.18328013506599528
2025-07-13 23:32:11.714826,10.0,0.5918343397196816
2025-07-13 23:32:11.714839,12.0,0.11192079437232538
2025-07-13 23:32:11.714852,13.0,0.08050239204173036
2025-07-13 23:32:11.714864,14.0,0.9999963670696992
2025-07-13 23:33:11.811372,6.0,0.4935770369580123
2025-07-13 23:33:11.811394,7.0,0.35872762375428435
2025-07-13 23:33:11.811408,8.0,0.0
2025-07-13 23:33:11.811421,9.0,0.1972081343097247
2025-07-13 23:33:11.811435,10.0,0.6030402807194248
2025-07-13 23:33:11.811448,12.0,0.11256958488075514
2025-07-13 23:33:11.811461,13.0,0.08096905409640472
2025-07-13 23:33:11.811473,14.0,0.999996339460305
2025-07-13 23:34:11.911158,6.0,0.48617672193924405
2025-07-13 23:34:11.911182,7.0,0.3612278579791792
2025-07-13 23:34:11.911197,8.0,0.0
2025-07-13 23:34:11.911210,9.0,0.19351063877935745
2025-07-13 23:34:11.911224,10.0,0.6019602028147755
2025-07-13 23:34:11.911237,12.0,0.11507025448940371
2025-07-13 23:34:11.911251,13.0,0.08082403412164377
2025-07-13 23:34:11.911264,14.0,0.999996350963521
2025-07-13 23:35:12.012212,6.0,0.4870394160832231
2025-07-13 23:35:12.012235,7.0,0.345651477564786
2025-07-13 23:35:12.012250,8.0,0.0
2025-07-13 23:35:12.012263,9.0,0.19124291984454078
2025-07-13 23:35:12.012277,10.0,0.6173584656929786
2025-07-13 23:35:12.012290,12.0,0.11239102954661612
2025-07-13 23:35:12.012304,13.0,0.07838317722533698
2025-07-13 23:35:12.012317,14.0,0.9999963628966932
2025-07-13 23:36:12.122004,6.0,0.45649006608737047
2025-07-13 23:36:12.122034,7.0,0.3439991452135271
2025-07-13 23:36:12.122052,8.0,0.0
2025-07-13 23:36:12.122066,9.0,0.19502038267565214
2025-07-13 23:36:12.122080,10.0,0.6106616904555763
2025-07-13 23:36:12.122095,12.0,0.10531836388644557
2025-07-13 23:36:12.122109,13.0,0.07265934953370123
2025-07-13 23:36:12.122123,14.0,0.9999962570604316
2025-07-13 23:37:12.238404,6.0,0.4543960721311171
2025-07-13 23:37:12.238429,7.0,0.3439411854636358
2025-07-13 23:37:12.238445,8.0,0.0
2025-07-13 23:37:12.238460,9.0,0.19911393806424146
2025-07-13 23:37:12.238475,10.0,0.5934467215746155
2025-07-13 23:37:12.238490,12.0,0.106401965845276
2025-07-13 23:37:12.238504,13.0,0.06802364607723817
2025-07-13 23:37:12.238518,14.0,0.9999962779085311
2025-07-13 23:38:12.367473,6.0,0.44792628137608553
2025-07-13 23:38:12.367496,7.0,0.34571169034147503
2025-07-13 23:38:12.367511,8.0,0.0
2025-07-13 23:38:12.367525,9.0,0.20360287548573322
2025-07-13 23:38:12.367540,10.0,0.6007999266446516
2025-07-13 23:38:12.367554,12.0,0.11089605822204798
2025-07-13 23:38:12.367568,13.0,0.06837381117022001
2025-07-13 23:38:12.367582,14.0,0.9999962587483333
2025-07-13 23:39:12.497616,6.0,0.40847210569156595
2025-07-13 23:39:12.497641,7.0,0.21810271106501558
2025-07-13 23:39:12.497657,8.0,0.0
2025-07-13 23:39:12.497671,9.0,0.06532260819260169
2025-07-13 23:39:12.497685,10.0,0.45282033148869816
2025-07-13 23:39:12.497700,12.0,0.08666547302101837
2025-07-13 23:39:12.497714,13.0,0.08384997802867289
2025-07-13 23:39:12.497728,14.0,0.9999968323043095
2025-07-13 23:40:12.629807,6.0,0.38226418525097317
2025-07-13 23:40:12.629831,7.0,0.26545600006781156
2025-07-13 23:40:12.629846,8.0,0.0
2025-07-13 23:40:12.629860,9.0,0.07870843933176508
2025-07-13 23:40:12.629875,10.0,0.6441816557905998
2025-07-13 23:40:12.629889,12.0,0.08917310800625389
2025-07-13 23:40:12.629903,13.0,0.09955528522074468
2025-07-13 23:40:12.629917,14.0,0.9999966592914602
2025-07-13 23:41:12.751037,6.0,0.39574863477071776
2025-07-13 23:41:12.751061,7.0,0.4373701709092176
2025-07-13 23:41:12.751076,8.0,0.0023700610317268353
2025-07-13 23:41:12.751091,9.0,0.0
2025-07-13 23:41:12.751107,10.0,0.6955336223608041
2025-07-13 23:41:12.751123,12.0,0.06727500433732826
2025-07-13 23:41:12.751137,13.0,0.10557598749952965
2025-07-13 23:41:12.751150,14.0,0.9999969024898511
2025-07-13 23:42:12.880349,6.0,0.39659871076344066
2025-07-13 23:42:12.880379,7.0,0.43516752085985105
2025-07-13 23:42:12.880396,8.0,0.002387580677860392
2025-07-13 23:42:12.880412,9.0,0.0
2025-07-13 23:42:12.880426,10.0,0.6981908607778263
2025-07-13 23:42:12.880440,12.0,0.073364646903995
2025-07-13 23:42:12.880455,13.0,0.10635641210312688
2025-07-13 23:42:12.880469,14.0,0.9999968838174552
2025-07-13 23:43:13.009080,6.0,0.3615106338826627
2025-07-13 23:43:13.009104,7.0,0.43767328941384764
2025-07-13 23:43:13.009120,8.0,0.0
2025-07-13 23:43:13.009134,9.0,0.11343146704292993
2025-07-13 23:43:13.009149,10.0,0.7543488596137169
2025-07-13 23:43:13.009163,12.0,0.0741318476537741
2025-07-13 23:43:13.009177,13.0,0.12971888126863387
2025-07-13 23:43:13.009191,14.0,0.9999965550687049
2025-07-13 23:44:13.138038,6.0,0.3627000392007601
2025-07-13 23:44:13.138064,7.0,0.29900965007692326
2025-07-13 23:44:13.138080,8.0,0.0
2025-07-13 23:44:13.138095,9.0,0.09088701855240663
2025-07-13 23:44:13.138110,10.0,0.8268382004123817
2025-07-13 23:44:13.138125,12.0,0.026972836055252903
2025-07-13 23:44:13.138139,13.0,0.08370788285706704
2025-07-13 23:44:13.138153,14.0,0.9999968595958126
2025-07-13 23:45:13.268623,6.0,0.36021553298215914
2025-07-13 23:45:13.268648,7.0,0.3015565803292018
2025-07-13 23:45:13.268663,8.0,0.0
2025-07-13 23:45:13.268677,9.0,0.09413893979471176
2025-07-13 23:45:13.268692,10.0,0.8315589576799474
2025-07-13 23:45:13.268706,12.0,0.026797041338782034
2025-07-13 23:45:13.268720,13.0,0.09415097996721121
2025-07-13 23:45:13.268734,14.0,0.9999968704868898
2025-07-13 23:46:13.401793,6.0,0.36174925578068745
2025-07-13 23:46:13.401818,7.0,0.31518349498694914
2025-07-13 23:46:13.401833,8.0,0.0
2025-07-13 23:46:13.401848,9.0,0.09546846460317582
2025-07-13 23:46:13.401863,10.0,0.8428027530183213
2025-07-13 23:46:13.401877,12.0,0.02717549611351236
2025-07-13 23:46:13.401891,13.0,0.08859760956385891
2025-07-13 23:46:13.401905,14.0,0.9999968337521279
2025-07-13 23:47:13.536744,6.0,0.367716871272187
2025-07-13 23:47:13.536770,7.0,0.31439482111574624
2025-07-13 23:47:13.536785,8.0,0.0
2025-07-13 23:47:13.536800,9.0,0.09210469106283974
2025-07-13 23:47:13.536814,10.0,0.8381221296396305
2025-07-13 23:47:13.536829,12.0,0.02733420868597634
2025-07-13 23:47:13.536843,13.0,0.08482937181649221
2025-07-13 23:47:13.536857,14.0,0.9999968238779068
2025-07-13 23:48:13.665742,6.0,0.3666543327671007
2025-07-13 23:48:13.665765,7.0,0.3115893640518564
2025-07-13 23:48:13.665781,8.0,0.0
2025-07-13 23:48:13.665795,9.0,0.09018986483539897
2025-07-13 23:48:13.665809,10.0,0.8343740203289165
2025-07-13 23:48:13.665824,12.0,0.027200945748906042
2025-07-13 23:48:13.665838,13.0,0.09818554671355424
2025-07-13 23:48:13.665852,14.0,0.9999968321687919
2025-07-13 23:49:13.795395,6.0,0.36464004586702925
2025-07-13 23:49:13.795419,7.0,0.3082001142012251
2025-07-13 23:49:13.795435,8.0,0.0
2025-07-13 23:49:13.795449,9.0,0.06560472675306374
2025-07-13 23:49:13.795463,10.0,0.8280691608329299
2025-07-13 23:49:13.795477,12.0,0.024796063212956097
2025-07-13 23:49:13.795492,13.0,0.09038127929075644
2025-07-13 23:49:13.795506,14.0,0.9999967921865586
2025-07-13 23:50:13.925625,6.0,0.4416921136265313
2025-07-13 23:50:13.925651,7.0,0.2602308982801283
2025-07-13 23:50:13.925672,8.0,0.036907770593289244
2025-07-13 23:50:13.925686,9.0,0.0
2025-07-13 23:50:13.925701,10.0,0.7361766196096559
2025-07-13 23:50:13.925716,12.0,0.08780281692738726
2025-07-13 23:50:13.925730,13.0,0.11867259881761365
2025-07-13 23:50:13.925744,14.0,0.9999962309828953
2025-07-13 23:51:14.059966,6.0,0.4186887102142462
2025-07-13 23:51:14.059993,7.0,0.2759377039215766
2025-07-13 23:51:14.060011,8.0,0.0
2025-07-13 23:51:14.060028,9.0,0.024365349403852064
2025-07-13 23:51:14.060044,10.0,0.7409503187223649
2025-07-13 23:51:14.060058,12.0,0.09588072019254565
2025-07-13 23:51:14.060073,13.0,0.12944053649936052
2025-07-13 23:51:14.060086,14.0,0.9999961841966418
2025-07-13 23:52:14.191657,6.0,0.4186887102142462
2025-07-13 23:52:14.191681,7.0,0.2759377039215766
2025-07-13 23:52:14.191696,8.0,0.0
2025-07-13 23:52:14.191711,9.0,0.024365349403852064
2025-07-13 23:52:14.191727,10.0,0.7409503187223649
2025-07-13 23:52:14.191742,12.0,0.09588072019254565
2025-07-13 23:52:14.191757,13.0,0.12944053649936052
2025-07-13 23:52:14.191771,14.0,0.9999961841966418
2025-07-13 23:53:14.317590,6.0,0.4186887102142462
2025-07-13 23:53:14.317614,7.0,0.2759377039215766
2025-07-13 23:53:14.317630,8.0,0.0
2025-07-13 23:53:14.317644,9.0,0.024365349403852064
2025-07-13 23:53:14.317659,10.0,0.7409503187223649
2025-07-13 23:53:14.317673,12.0,0.09588072019254565
2025-07-13 23:53:14.317687,13.0,0.12944053649936052
2025-07-13 23:53:14.317701,14.0,0.9999961841966418
2025-07-13 23:54:14.448642,6.0,0.40125122573986854
2025-07-13 23:54:14.448670,7.0,0.27813598426905217
2025-07-13 23:54:14.448686,8.0,0.0
2025-07-13 23:54:14.448701,9.0,0.009017455372750869
2025-07-13 23:54:14.448716,10.0,0.773775680061687
2025-07-13 23:54:14.448731,12.0,0.1426740957928744
2025-07-13 23:54:14.448746,13.0,0.10891239841835243
2025-07-13 23:54:14.448760,14.0,0.9999962382395531
2025-07-13 23:55:14.565089,6.0,0.4008222340013089
2025-07-13 23:55:14.565124,7.0,0.2778386193470446
2025-07-13 23:55:14.565142,8.0,0.0
2025-07-13 23:55:14.565158,9.0,0.009007814495391286
2025-07-13 23:55:14.565173,10.0,0.7739189709322606
2025-07-13 23:55:14.565189,12.0,0.1432171229118916
2025-07-13 23:55:14.565203,13.0,0.10551719526303531
2025-07-13 23:55:14.565218,14.0,0.999996242261383
2025-07-13 23:56:14.695912,6.0,0.396930035164829
2025-07-13 23:56:14.695937,7.0,0.2778386193470446
2025-07-13 23:56:14.695953,8.0,0.0
2025-07-13 23:56:14.695968,9.0,0.005938670879305277
2025-07-13 23:56:14.695983,10.0,0.7786047492182024
2025-07-13 23:56:14.695998,12.0,0.14657524412931056
2025-07-13 23:56:14.696012,13.0,0.10224532161532333
2025-07-13 23:56:14.696026,14.0,0.999996242261383
2025-07-13 23:57:14.825680,6.0,0.39822882459021736
2025-07-13 23:57:14.825708,7.0,0.2774551418317164
2025-07-13 23:57:14.825726,8.0,0.0
2025-07-13 23:57:14.825740,9.0,0.005930474226304258
2025-07-13 23:57:14.825754,10.0,0.7834775059526331
2025-07-13 23:57:14.825768,12.0,0.14282165510112516
2025-07-13 23:57:14.825782,13.0,0.1053715586630588
2025-07-13 23:57:14.825795,14.0,0.9999962436949046
2025-07-13 23:58:14.955457,6.0,0.37862590927923817
2025-07-13 23:58:14.955482,7.0,0.28002649164961757
2025-07-13 23:58:14.955497,8.0,0.0
2025-07-13 23:58:14.955512,9.0,0.033459980235405494
2025-07-13 23:58:14.955527,10.0,0.777615438888699
2025-07-13 23:58:14.955541,12.0,0.15498876037742054
2025-07-13 23:58:14.955556,13.0,0.12800689981790228
2025-07-13 23:58:14.955570,14.0,0.99999627626451
2025-07-13 23:59:15.086251,6.0,0.37640173494951906
2025-07-13 23:59:15.086275,7.0,0.2834526126817306
2025-07-13 23:59:15.086291,8.0,0.0
2025-07-13 23:59:15.086305,9.0,0.030367516330352368
2025-07-13 23:59:15.086320,10.0,0.7916602886130023
2025-07-13 23:59:15.086334,12.0,0.1542034679691178
2025-07-13 23:59:15.086348,13.0,0.1274430981337524
2025-07-13 23:59:15.086362,14.0,0.9999962748176737
2025-07-14 00:00:15.217028,6.0,0.3732754010624766
2025-07-14 00:00:15.217060,7.0,0.2921604766999094
2025-07-14 00:00:15.217077,8.0,0.0
2025-07-14 00:00:15.217093,9.0,0.026165796123276953
2025-07-14 00:00:15.217109,10.0,0.7941859980593712
2025-07-14 00:00:15.217124,12.0,0.14604235052607908
2025-07-14 00:00:15.217140,13.0,0.125297504175099
2025-07-14 00:00:15.217155,14.0,0.999996266146686
2025-07-14 00:01:15.347723,6.0,0.3732754010624766
2025-07-14 00:01:15.347747,7.0,0.2921604766999094
2025-07-14 00:01:15.347763,8.0,0.0
2025-07-14 00:01:15.347777,9.0,0.026165796123276953
2025-07-14 00:01:15.347791,10.0,0.7941859980593712
2025-07-14 00:01:15.347806,12.0,0.14604235052607908
2025-07-14 00:01:15.347820,13.0,0.125297504175099
2025-07-14 00:01:15.347834,14.0,0.999996266146686
2025-07-14 00:02:15.480143,6.0,0.3869258390606534
2025-07-14 00:02:15.480167,7.0,0.2902502037147181
2025-07-14 00:02:15.480183,8.0,0.0
2025-07-14 00:02:15.480197,9.0,0.01778243479145354
2025-07-14 00:02:15.480212,10.0,0.7805203972318872
2025-07-14 00:02:15.480226,12.0,0.1298082495165646
2025-07-14 00:02:15.480240,13.0,0.10159337539235458
2025-07-14 00:02:15.480254,14.0,0.9999962166812807
2025-07-14 00:03:15.612567,6.0,0.3958844227445709
2025-07-14 00:03:15.612594,7.0,0.28594044633221644
2025-07-14 00:03:15.612612,8.0,0.0
2025-07-14 00:03:15.612627,9.0,0.015270687187727647
2025-07-14 00:03:15.612642,10.0,0.7714538643194172
2025-07-14 00:03:15.612655,12.0,0.13028623919606425
2025-07-14 00:03:15.612669,13.0,0.10249321893896933
2025-07-14 00:03:15.612682,14.0,0.9999962226618125
2025-07-14 00:04:15.740835,6.0,0.39464722694732907
2025-07-14 00:04:15.740861,7.0,0.28982776272014427
2025-07-14 00:04:15.740876,8.0,0.0
2025-07-14 00:04:15.740891,9.0,0.009131979073971197
2025-07-14 00:04:15.740905,10.0,0.7752516267418483
2025-07-14 00:04:15.740919,12.0,0.13511790851421424
2025-07-14 00:04:15.740934,13.0,0.11501024808355435
2025-07-14 00:04:15.740947,14.0,0.9999962045684011
2025-07-14 00:05:15.871792,6.0,0.36407354196530844
2025-07-14 00:05:15.871817,7.0,0.3008885566720344
2025-07-14 00:05:15.871833,8.0,0.0
2025-07-14 00:05:15.871847,9.0,0.02143906228938665
2025-07-14 00:05:15.871861,10.0,0.8262901686089906
2025-07-14 00:05:15.871876,12.0,0.15495516100079862
2025-07-14 00:05:15.871890,13.0,0.11212514212323266
2025-07-14 00:05:15.871904,14.0,0.9999963030917522
2025-07-14 00:06:16.005369,6.0,0.4147369837400903
2025-07-14 00:06:16.005396,7.0,0.3124135319933535
2025-07-14 00:06:16.005412,8.0,0.0
2025-07-14 00:06:16.005428,9.0,0.0093049457052978
2025-07-14 00:06:16.005443,10.0,0.8370904718137391
2025-07-14 00:06:16.005457,12.0,0.16481552502039853
2025-07-14 00:06:16.005471,13.0,0.12339842096812893
2025-07-14 00:06:16.005485,14.0,0.999996318482705
2025-07-14 00:07:16.161432,6.0,0.4436814372983214
2025-07-14 00:07:16.161460,7.0,0.31825875269480963
2025-07-14 00:07:16.161476,8.0,0.0
2025-07-14 00:07:16.161490,9.0,0.010508446771763392
2025-07-14 00:07:16.161505,10.0,0.8466375624269828
2025-07-14 00:07:16.161519,12.0,0.12273998921319453
2025-07-14 00:07:16.161533,13.0,0.1302158351396605
2025-07-14 00:07:16.161547,14.0,0.9999963128875362
2025-07-14 00:08:16.293270,6.0,0.4426321731352742
2025-07-14 00:08:16.293294,7.0,0.3192912922521472
2025-07-14 00:08:16.293309,8.0,0.0
2025-07-14 00:08:16.293323,9.0,0.010542539744497429
2025-07-14 00:08:16.293338,10.0,0.8463483078155217
2025-07-14 00:08:16.293352,12.0,0.11790463601323403
2025-07-14 00:08:16.293367,13.0,0.13130297103867225
2025-07-14 00:08:16.293381,14.0,0.9999963059333282
2025-07-14 00:09:16.421863,6.0,0.4363017850915561
2025-07-14 00:09:16.421887,7.0,0.3096063562086422
2025-07-14 00:09:16.421902,8.0,0.0
2025-07-14 00:09:16.421916,9.0,0.009389342233487146
2025-07-14 00:09:16.421931,10.0,0.8409459192593174
2025-07-14 00:09:16.421945,12.0,0.1272866848749358
2025-07-14 00:09:16.421959,13.0,0.13095821595412507
2025-07-14 00:09:16.421973,14.0,0.9999962896479269
2025-07-14 00:10:16.556017,6.0,0.4363017850915561
2025-07-14 00:10:16.556044,7.0,0.3096063562086422
2025-07-14 00:10:16.556059,8.0,0.0
2025-07-14 00:10:16.556074,9.0,0.009389342233487146
2025-07-14 00:10:16.556089,10.0,0.8409459192593174
2025-07-14 00:10:16.556103,12.0,0.1272866848749358
2025-07-14 00:10:16.556118,13.0,0.13095821595412507
2025-07-14 00:10:16.556132,14.0,0.9999962896479269
2025-07-14 00:11:16.686287,6.0,0.42425354750783406
2025-07-14 00:11:16.686310,7.0,0.29966973810038294
2025-07-14 00:11:16.686326,8.0,0.0
2025-07-14 00:11:16.686340,9.0,0.028383330858944896
2025-07-14 00:11:16.686355,10.0,0.7863659207024271
2025-07-14 00:11:16.686369,12.0,0.16663169200073882
2025-07-14 00:11:16.686383,13.0,0.1208779513990805
2025-07-14 00:11:16.686397,14.0,0.9999962694230452
2025-07-14 00:12:16.816325,6.0,0.42571799125365234
2025-07-14 00:12:16.816350,7.0,0.2991218102942743
2025-07-14 00:12:16.816366,8.0,0.0
2025-07-14 00:12:16.816381,9.0,0.02889178565544281
2025-07-14 00:12:16.816395,10.0,0.7869093110958316
2025-07-14 00:12:16.816410,12.0,0.16660181107657165
2025-07-14 00:12:16.816425,13.0,0.12636027642078765
2025-07-14 00:12:16.816439,14.0,0.9999962789119792
2025-07-14 00:13:16.947423,6.0,0.4319091431610548
2025-07-14 00:13:16.947447,7.0,0.30580977920011354
2025-07-14 00:13:16.947462,8.0,0.0
2025-07-14 00:13:16.947477,9.0,0.026381004783911092
2025-07-14 00:13:16.947491,10.0,0.7937518920814742
2025-07-14 00:13:16.947505,12.0,0.17592646541032483
2025-07-14 00:13:16.947520,13.0,0.12681927148014344
2025-07-14 00:13:16.947534,14.0,0.9999962182276853
2025-07-14 00:14:17.076641,6.0,0.4255074902387354
2025-07-14 00:14:17.076672,7.0,0.30523540601084054
2025-07-14 00:14:17.076689,8.0,0.0
2025-07-14 00:14:17.076704,9.0,0.03309605817692897
2025-07-14 00:14:17.076719,10.0,0.794284926769027
2025-07-14 00:14:17.076734,12.0,0.17586315678515263
2025-07-14 00:14:17.076748,13.0,0.13238273334530412
2025-07-14 00:14:17.076762,14.0,0.9999962280014274
2025-07-14 00:15:17.206736,6.0,0.42401890493172606
2025-07-14 00:15:17.206761,7.0,0.30580977920011354
2025-07-14 00:15:17.206777,8.0,0.0
2025-07-14 00:15:17.206791,9.0,0.03259538800869845
2025-07-14 00:15:17.206806,10.0,0.7937518920814742
2025-07-14 00:15:17.206820,12.0,0.17592646541032483
2025-07-14 00:15:17.206835,13.0,0.12681927148014344
2025-07-14 00:15:17.206849,14.0,0.9999962182276853
2025-07-14 00:16:17.338513,6.0,0.4290453701137063
2025-07-14 00:16:17.338537,7.0,0.3084159183556824
2025-07-14 00:16:17.338553,8.0,0.0
2025-07-14 00:16:17.338568,9.0,0.03287316891290172
2025-07-14 00:16:17.338583,10.0,0.7927121804570134
2025-07-14 00:16:17.338598,12.0,0.17520823390335163
2025-07-14 00:16:17.338612,13.0,0.13193796168568275
2025-07-14 00:16:17.338626,14.0,0.9999961911627049
2025-07-14 00:17:17.472597,6.0,0.42596906726269285
2025-07-14 00:17:17.472623,7.0,0.31197067242805177
2025-07-14 00:17:17.472638,8.0,0.0
2025-07-14 00:17:17.472651,9.0,0.03007893759562765
2025-07-14 00:17:17.472666,10.0,0.7960695386318901
2025-07-14 00:17:17.472679,12.0,0.16956545744346263
2025-07-14 00:17:17.472692,13.0,0.1368493997260034
2025-07-14 00:17:17.472706,14.0,0.9999961553557936
2025-07-14 00:18:17.600853,6.0,0.42596906726269285
2025-07-14 00:18:17.600879,7.0,0.31197067242805177
2025-07-14 00:18:17.600895,8.0,0.0
2025-07-14 00:18:17.600910,9.0,0.03007893759562765
2025-07-14 00:18:17.600925,10.0,0.7960695386318901
2025-07-14 00:18:17.600941,12.0,0.16956545744346263
2025-07-14 00:18:17.600956,13.0,0.1368493997260034
2025-07-14 00:18:17.600970,14.0,0.9999961553557936
2025-07-14 00:19:17.727086,6.0,0.42883162986958295
2025-07-14 00:19:17.727111,7.0,0.31302052300205785
2025-07-14 00:19:17.727127,8.0,0.0
2025-07-14 00:19:17.727141,9.0,0.030180159898526765
2025-07-14 00:19:17.727156,10.0,0.7908751907813698
2025-07-14 00:19:17.727170,12.0,0.16443253021729398
2025-07-14 00:19:17.727185,13.0,0.14142720584964066
2025-07-14 00:19:17.727199,14.0,0.9999961476403476
2025-07-14 00:20:17.854637,6.0,0.4246019372461429
2025-07-14 00:20:17.854661,7.0,0.30841592357996156
2025-07-14 00:20:17.854676,8.0,0.0
2025-07-14 00:20:17.854690,9.0,0.02660582659154641
2025-07-14 00:20:17.854705,10.0,0.7723034112835808
2025-07-14 00:20:17.854719,12.0,0.15359012103448513
2025-07-14 00:20:17.854733,13.0,0.1393467811411318
2025-07-14 00:20:17.854748,14.0,0.999996208101712
2025-07-14 00:21:17.982242,6.0,0.415479358619233
2025-07-14 00:21:17.982266,7.0,0.3072420602716823
2025-07-14 00:21:17.982281,8.0,0.0
2025-07-14 00:21:17.982295,9.0,0.026240260758109483
2025-07-14 00:21:17.982310,10.0,0.8041541498828222
2025-07-14 00:21:17.982326,12.0,0.15727277108045243
2025-07-14 00:21:17.982341,13.0,0.1196938504173729
2025-07-14 00:21:17.982356,14.0,0.9999961674933777
2025-07-14 00:22:18.114261,6.0,0.415479358619233
2025-07-14 00:22:18.114290,7.0,0.3072420602716823
2025-07-14 00:22:18.114306,8.0,0.0
2025-07-14 00:22:18.114321,9.0,0.026240260758109483
2025-07-14 00:22:18.114336,10.0,0.8041541498828222
2025-07-14 00:22:18.114350,12.0,0.15384106060767946
2025-07-14 00:22:18.114365,13.0,0.12305367940585724
2025-07-14 00:22:18.114379,14.0,0.9999961674933777
2025-07-14 00:23:18.247095,6.0,0.39552327966109496
2025-07-14 00:23:18.247119,7.0,0.2911916109777846
2025-07-14 00:23:18.247134,8.0,0.0
2025-07-14 00:23:18.247148,9.0,0.014070541074069772
2025-07-14 00:23:18.247163,10.0,0.8050760841369967
2025-07-14 00:23:18.247177,12.0,0.16958949803478432
2025-07-14 00:23:18.247191,13.0,0.14706069044164247
2025-07-14 00:23:18.247204,14.0,0.9999962212005401
2025-07-14 00:24:18.380846,6.0,0.3764331140531838
2025-07-14 00:24:18.380871,7.0,0.2904948265643672
2025-07-14 00:24:18.380886,8.0,0.01876468763381309
2025-07-14 00:24:18.380901,9.0,0.0
2025-07-14 00:24:18.380915,10.0,0.8041924792337221
2025-07-14 00:24:18.380929,12.0,0.1716004945185026
2025-07-14 00:24:18.380944,13.0,0.14620434321644435
2025-07-14 00:24:18.380957,14.0,0.9999962040709554
2025-07-14 00:25:18.500046,6.0,0.3764331140531838
2025-07-14 00:25:18.500069,7.0,0.2904948265643672
2025-07-14 00:25:18.500085,8.0,0.01876468763381309
2025-07-14 00:25:18.500099,9.0,0.0
2025-07-14 00:25:18.500113,10.0,0.8041924792337221
2025-07-14 00:25:18.500127,12.0,0.1716004945185026
2025-07-14 00:25:18.500141,13.0,0.14620434321644435
2025-07-14 00:25:18.500155,14.0,0.9999962040709554
2025-07-14 00:26:18.627917,6.0,0.3888762580470879
2025-07-14 00:26:18.627943,7.0,0.28927015202858125
2025-07-14 00:26:18.627961,8.0,0.015785441254120132
2025-07-14 00:26:18.627978,9.0,0.0
2025-07-14 00:26:18.627992,10.0,0.7984073205884841
2025-07-14 00:26:18.628006,12.0,0.16738026008875778
2025-07-14 00:26:18.628020,13.0,0.15501115012511432
2025-07-14 00:26:18.628034,14.0,0.9999961767015295
2025-07-14 00:27:18.757567,6.0,0.39157607077174833
2025-07-14 00:27:18.757594,7.0,0.2914668956336035
2025-07-14 00:27:18.757609,8.0,0.019476171682463524
2025-07-14 00:27:18.757624,9.0,0.0
2025-07-14 00:27:18.757638,10.0,0.7990304088555387
2025-07-14 00:27:18.757652,12.0,0.16995374436592137
2025-07-14 00:27:18.757667,13.0,0.15833210136426715
2025-07-14 00:27:18.757681,14.0,0.9999961885186869
2025-07-14 00:28:18.883914,6.0,0.39076513632600635
2025-07-14 00:28:18.883941,7.0,0.29146689563360334
2025-07-14 00:28:18.883959,8.0,0.021957939593815805
2025-07-14 00:28:18.883975,9.0,0.0
2025-07-14 00:28:18.883989,10.0,0.7990304088555387
2025-07-14 00:28:18.884003,12.0,0.1699537443659212
2025-07-14 00:28:18.884017,13.0,0.15762286519178237
2025-07-14 00:28:18.884031,14.0,0.9999961885186869
2025-07-14 00:29:19.013339,6.0,0.3852419646533912
2025-07-14 00:29:19.013364,7.0,0.28534167619778944
2025-07-14 00:29:19.013391,8.0,0.013755215862687697
2025-07-14 00:29:19.013406,9.0,0.0
2025-07-14 00:29:19.013420,10.0,0.7842040573162187
2025-07-14 00:29:19.013435,12.0,0.1707076745791852
2025-07-14 00:29:19.013449,13.0,0.15418092556783794
2025-07-14 00:29:19.013464,14.0,0.999996186488326
2025-07-14 00:30:19.144930,6.0,0.39887886865841427
2025-07-14 00:30:19.144955,7.0,0.29561384465052504
2025-07-14 00:30:19.144970,8.0,0.02375926202108887
2025-07-14 00:30:19.144985,9.0,0.0
2025-07-14 00:30:19.144999,10.0,0.7893270816539708
2025-07-14 00:30:19.145013,12.0,0.17856107479376512
2025-07-14 00:30:19.145027,13.0,0.15978858499480686
2025-07-14 00:30:19.145041,14.0,0.999996185119168
2025-07-14 00:31:19.295270,6.0,0.4025658950583754
2025-07-14 00:31:19.295296,7.0,0.29624707582767695
2025-07-14 00:31:19.295311,8.0,0.029747110723028766
2025-07-14 00:31:19.295324,9.0,0.0
2025-07-14 00:31:19.295337,10.0,0.781193329799406
2025-07-14 00:31:19.295350,12.0,0.17672106257701295
2025-07-14 00:31:19.295364,13.0,0.1615384778244324
2025-07-14 00:31:19.295377,14.0,0.9999962164824884
2025-07-14 00:32:19.398845,6.0,0.4299712543564459
2025-07-14 00:32:19.398872,7.0,0.3171867323025417
2025-07-14 00:32:19.398888,8.0,0.026023534831652005
2025-07-14 00:32:19.398902,9.0,0.0
2025-07-14 00:32:19.398917,10.0,0.7841349804172786
2025-07-14 00:32:19.398931,12.0,0.18440701359614325
2025-07-14 00:32:19.398945,13.0,0.1699566348004303
2025-07-14 00:32:19.398958,14.0,0.9999962673483355
2025-07-14 00:33:19.518890,6.0,0.3911310842085852
2025-07-14 00:33:19.518915,7.0,0.3258355809731838
2025-07-14 00:33:19.518930,8.0,0.028489571309695493
2025-07-14 00:33:19.518944,9.0,0.0
2025-07-14 00:33:19.518958,10.0,0.8159102473847974
2025-07-14 00:33:19.518972,12.0,0.19878671108185078
2025-07-14 00:33:19.518986,13.0,0.17783756630876688
2025-07-14 00:33:19.518999,14.0,0.9999962120992074
2025-07-14 00:34:19.636318,6.0,0.39381239864504236
2025-07-14 00:34:19.636344,7.0,0.3269190166341192
2025-07-14 00:34:19.636359,8.0,0.02858430196320336
2025-07-14 00:34:19.636375,9.0,0.0
2025-07-14 00:34:19.636389,10.0,0.8107834843988326
2025-07-14 00:34:19.636403,12.0,0.19374512428652144
2025-07-14 00:34:19.636418,13.0,0.1825754657159571
2025-07-14 00:34:19.636431,14.0,0.9999962046494095
2025-07-14 00:35:19.753186,6.0,0.0150130902334152
2025-07-14 00:35:19.753214,7.0,0.3338252738285827
2025-07-14 00:35:19.753229,8.0,0.11883459982607708
2025-07-14 00:35:19.753244,9.0,0.0
2025-07-14 00:35:19.753257,10.0,0.7822339512730937
2025-07-14 00:35:19.753272,12.0,0.20779209745446542
2025-07-14 00:35:19.753286,13.0,0.12139239501543043
2025-07-14 00:35:19.753299,14.0,0.999995956578652
2025-07-14 00:36:19.873021,6.0,0.019289235564899886
2025-07-14 00:36:19.873048,7.0,0.3350226884465242
2025-07-14 00:36:19.873064,8.0,0.11926085361242782
2025-07-14 00:36:19.873079,9.0,0.0
2025-07-14 00:36:19.873093,10.0,0.7817487180889023
2025-07-14 00:36:19.873107,12.0,0.20213681102455977
2025-07-14 00:36:19.873121,13.0,0.11572648783754405
2025-07-14 00:36:19.873135,14.0,0.999995947568973
2025-07-14 00:37:19.990468,6.0,0.019289235564899886
2025-07-14 00:37:19.990510,7.0,0.3350226884465242
2025-07-14 00:37:19.990529,8.0,0.11926085361242782
2025-07-14 00:37:19.990545,9.0,0.0
2025-07-14 00:37:19.990559,10.0,0.7817487180889023
2025-07-14 00:37:19.990573,12.0,0.20213681102455977
2025-07-14 00:37:19.990588,13.0,0.11572648783754405
2025-07-14 00:37:19.990602,14.0,0.999995947568973
2025-07-14 00:38:20.108658,6.0,0.0150130902334152
2025-07-14 00:38:20.108688,7.0,0.32967911028813873
2025-07-14 00:38:20.108706,8.0,0.12253692575045447
2025-07-14 00:38:20.108723,9.0,0.0
2025-07-14 00:38:20.108737,10.0,0.7771458491911688
2025-07-14 00:38:20.108751,12.0,0.2039106823729686
2025-07-14 00:38:20.108764,13.0,0.12510010521904139
2025-07-14 00:38:20.108778,14.0,0.999995956578652
2025-07-14 00:39:20.227832,6.0,0.026698636528121374
2025-07-14 00:39:20.227858,7.0,0.3408879789441714
2025-07-14 00:39:20.227875,8.0,0.12237715152766374
2025-07-14 00:39:20.227890,9.0,0.0
2025-07-14 00:39:20.227903,10.0,0.7530446829011791
2025-07-14 00:39:20.227917,12.0,0.21528240213649702
2025-07-14 00:39:20.227931,13.0,0.12498429217228205
2025-07-14 00:39:20.227944,14.0,0.9999958927979232
2025-07-14 00:40:20.357977,6.0,0.026698636528121374
2025-07-14 00:40:20.358004,7.0,0.3408879789441714
2025-07-14 00:40:20.358019,8.0,0.12237715152766374
2025-07-14 00:40:20.358034,9.0,0.0
2025-07-14 00:40:20.358049,10.0,0.7530446829011791
2025-07-14 00:40:20.358064,12.0,0.21528240213649702
2025-07-14 00:40:20.358078,13.0,0.12498429217228205
2025-07-14 00:40:20.358092,14.0,0.9999958927979232
2025-07-14 00:41:20.453606,6.0,0.018935591742305375
2025-07-14 00:41:20.453633,7.0,0.20155050929696106
2025-07-14 00:41:20.453647,8.0,0.07703776434289301
2025-07-14 00:41:20.453660,9.0,0.0
2025-07-14 00:41:20.453673,10.0,0.9361556000439802
2025-07-14 00:41:20.453686,12.0,0.10913062323780595
2025-07-14 00:41:20.453699,13.0,0.03455467367169047
2025-07-14 00:41:20.453712,14.0,0.9999955282320083
2025-07-14 00:42:20.557129,6.0,0.03240295387665018
2025-07-14 00:42:20.557155,7.0,0.224579553202834
2025-07-14 00:42:20.557169,8.0,0.11324088837198568
2025-07-14 00:42:20.557183,9.0,0.0
2025-07-14 00:42:20.557196,10.0,0.9452757874630595
2025-07-14 00:42:20.557210,12.0,0.44957097283066494
2025-07-14 00:42:20.557223,13.0,0.06145631061258127
2025-07-14 00:42:20.557236,14.0,0.9999951227080558
2025-07-14 00:43:20.646365,6.0,0.017191594139050893
2025-07-14 00:43:20.646391,7.0,0.20501632692131863
2025-07-14 00:43:20.646405,8.0,0.13501354232996252
2025-07-14 00:43:20.646418,9.0,0.0
2025-07-14 00:43:20.646431,10.0,0.9373937166439924
2025-07-14 00:43:20.646444,12.0,0.44775847175023253
2025-07-14 00:43:20.646457,13.0,0.07116194982641708
2025-07-14 00:43:20.646470,14.0,0.9999952994998977
2025-07-14 00:44:20.738749,6.0,0.0
2025-07-14 00:44:20.738772,7.0,0.20942621951438606
2025-07-14 00:44:20.738787,8.0,0.12642916703949011
2025-07-14 00:44:20.738801,9.0,0.016380250767492523
2025-07-14 00:44:20.738815,10.0,0.9283924026190048
2025-07-14 00:44:20.738829,12.0,0.4432562451676216
2025-07-14 00:44:20.738842,13.0,0.07998040333045653
2025-07-14 00:44:20.738855,14.0,0.9999952532735907
2025-07-14 00:45:20.823966,6.0,0.032353435964790726
2025-07-14 00:45:20.823991,7.0,0.22313891967376712
2025-07-14 00:45:20.824007,8.0,0.13041366426492845
2025-07-14 00:45:20.824021,9.0,0.0
2025-07-14 00:45:20.824034,10.0,0.9290887988027638
2025-07-14 00:45:20.824048,12.0,0.44969211874606024
2025-07-14 00:45:20.824061,13.0,0.08451894434571319
2025-07-14 00:45:20.824074,14.0,0.9999952994363204
2025-07-14 00:46:20.920375,6.0,0.027844357841301105
2025-07-14 00:46:20.920399,7.0,0.21268076906200664
2025-07-14 00:46:20.920413,8.0,0.12357742754986303
2025-07-14 00:46:20.920426,9.0,0.0
2025-07-14 00:46:20.920439,10.0,0.9224779320463864
2025-07-14 00:46:20.920452,12.0,0.4398375596286773
2025-07-14 00:46:20.920465,13.0,0.08058416875108398
2025-07-14 00:46:20.920478,14.0,0.999995257669522
2025-07-14 00:47:21.027873,6.0,0.027466108867001588
2025-07-14 00:47:21.027902,7.0,0.21582909456936114
2025-07-14 00:47:21.027917,8.0,0.0
2025-07-14 00:47:21.027932,9.0,0.00872085977968256
2025-07-14 00:47:21.027946,10.0,0.9228665495231726
2025-07-14 00:47:21.027960,12.0,0.42609416074867185
2025-07-14 00:47:21.027974,13.0,0.0627216532386622
2025-07-14 00:47:21.027988,14.0,0.9999953053039965
2025-07-14 00:48:21.135306,6.0,0.0
2025-07-14 00:48:21.135332,7.0,0.23355542430578327
2025-07-14 00:48:21.135351,8.0,0.018092438467977038
2025-07-14 00:48:21.135365,9.0,0.04733504014734262
2025-07-14 00:48:21.135379,10.0,0.9169389078810566
2025-07-14 00:48:21.135392,12.0,0.44213133078451006
2025-07-14 00:48:21.135405,13.0,0.09589065810268185
2025-07-14 00:48:21.135418,14.0,0.9999955356075348
2025-07-14 00:49:21.248102,6.0,0.004678543338359526
2025-07-14 00:49:21.248130,7.0,0.23439876352404523
2025-07-14 00:49:21.248145,8.0,0.0
2025-07-14 00:49:21.248160,9.0,0.004590150781558962
2025-07-14 00:49:21.248174,10.0,0.9330144329918503
2025-07-14 00:49:21.248188,12.0,0.5042435951328349
2025-07-14 00:49:21.248202,13.0,0.08365729840392575
2025-07-14 00:49:21.248216,14.0,0.9999953199824264
2025-07-14 00:50:21.374777,6.0,0.0
2025-07-14 00:50:21.374814,7.0,0.2383711766819798
2025-07-14 00:50:21.374852,8.0,0.009531536191391006
2025-07-14 00:50:21.374876,9.0,0.021843490082960052
2025-07-14 00:50:21.374902,10.0,0.9226153182919458
2025-07-14 00:50:21.374919,12.0,0.48891695194005647
2025-07-14 00:50:21.374935,13.0,0.08867452588745817
2025-07-14 00:50:21.374949,14.0,0.9999954369500653
2025-07-14 00:51:21.506179,6.0,0.0
2025-07-14 00:51:21.506205,7.0,0.24314996161675625
2025-07-14 00:51:21.506221,8.0,0.0348217699867405
2025-07-14 00:51:21.506236,9.0,0.03946785975708264
2025-07-14 00:51:21.506249,10.0,0.9190002666603309
2025-07-14 00:51:21.506262,12.0,0.4841281593637832
2025-07-14 00:51:21.506276,13.0,0.0698092258957876
2025-07-14 00:51:21.506288,14.0,0.9999953408804626
2025-07-14 00:52:21.635712,6.0,0.0
2025-07-14 00:52:21.635736,7.0,0.2661511475653257
2025-07-14 00:52:21.635753,8.0,0.05700712653857271
2025-07-14 00:52:21.635768,9.0,0.06663966145496036
2025-07-14 00:52:21.635783,10.0,0.9204520967870754
2025-07-14 00:52:21.635797,12.0,0.5014396139582572
2025-07-14 00:52:21.635811,13.0,0.08420769192036082
2025-07-14 00:52:21.635824,14.0,0.9999954243899981
2025-07-14 00:53:21.753989,6.0,0.0
2025-07-14 00:53:21.754015,7.0,0.22815629694577427
2025-07-14 00:53:21.754030,8.0,0.028395467690898207
2025-07-14 00:53:21.754045,9.0,0.041671282824528234
2025-07-14 00:53:21.754059,10.0,0.896766342225721
2025-07-14 00:53:21.754073,12.0,0.5505538711865363
2025-07-14 00:53:21.754087,13.0,0.05684344482621203
2025-07-14 00:53:21.754101,14.0,0.9999952793894161
2025-07-14 00:54:21.877071,6.0,0.0
2025-07-14 00:54:21.877095,7.0,0.24031323343626584
2025-07-14 00:54:21.877111,8.0,0.04075140575732698
2025-07-14 00:54:21.877126,9.0,0.04573348594499723
2025-07-14 00:54:21.877140,10.0,0.897269965880124
2025-07-14 00:54:21.877154,12.0,0.552746486528571
2025-07-14 00:54:21.877169,13.0,0.05910080411276557
2025-07-14 00:54:21.877183,14.0,0.999995302418835
2025-07-14 00:55:21.997267,6.0,0.0
2025-07-14 00:55:21.997291,7.0,0.22880638614377563
2025-07-14 00:55:21.997307,8.0,0.03419665435583703
2025-07-14 00:55:21.997322,9.0,0.04333922431686275
2025-07-14 00:55:21.997336,10.0,0.8968532912874595
2025-07-14 00:55:21.997351,12.0,0.5509324194240474
2025-07-14 00:55:21.997365,13.0,0.0525955348307981
2025-07-14 00:55:21.997379,14.0,0.9999952833653739
2025-07-14 00:56:22.115747,6.0,0.0
2025-07-14 00:56:22.115772,7.0,0.2290961187109577
2025-07-14 00:56:22.115788,8.0,0.04682932400821127
2025-07-14 00:56:22.115802,9.0,0.05187768073481281
2025-07-14 00:56:22.115816,10.0,0.9025353683766801
2025-07-14 00:56:22.115830,12.0,0.5496831553191254
2025-07-14 00:56:22.115844,13.0,0.061212252924862556
2025-07-14 00:56:22.115857,14.0,0.9999952582204091
2025-07-14 00:57:22.233509,6.0,0.0
2025-07-14 00:57:22.233533,7.0,0.24132387128946944
2025-07-14 00:57:22.233549,8.0,0.050695974469966064
2025-07-14 00:57:22.233564,9.0,0.05572385193575977
2025-07-14 00:57:22.233578,10.0,0.9029307452723015
2025-07-14 00:57:22.233592,12.0,0.5515099192757583
2025-07-14 00:57:22.233606,13.0,0.06502055732107238
2025-07-14 00:57:22.233620,14.0,0.9999952774560033
2025-07-14 00:58:22.354201,6.0,0.0
2025-07-14 00:58:22.354227,7.0,0.22958934911427967
2025-07-14 00:58:22.354244,8.0,0.03147299478444482
2025-07-14 00:58:22.354258,9.0,0.03296280091561013
2025-07-14 00:58:22.354273,10.0,0.8898527604722817
2025-07-14 00:58:22.354287,12.0,0.5438034344727316
2025-07-14 00:58:22.354301,13.0,0.05136076380720008
2025-07-14 00:58:22.354315,14.0,0.9999952354319485
2025-07-14 00:59:22.456825,6.0,0.0
2025-07-14 00:59:22.456850,7.0,0.24917423281497203
2025-07-14 00:59:22.456865,8.0,0.06123849189245007
2025-07-14 00:59:22.456880,9.0,0.030120324895709552
2025-07-14 00:59:22.456894,10.0,0.7129877573853723
2025-07-14 00:59:22.456907,12.0,0.3171451019441587
2025-07-14 00:59:22.456921,13.0,0.05467539072341825
2025-07-14 00:59:22.456935,14.0,0.9999956303954427
2025-07-14 01:00:22.580756,6.0,0.006372260031369267
2025-07-14 01:00:22.580786,7.0,0.15004335471762992
2025-07-14 01:00:22.580803,8.0,0.12201655839753034
2025-07-14 01:00:22.580819,9.0,0.1033839219580229
2025-07-14 01:00:22.580834,10.0,0.5744864286347622
2025-07-14 01:00:22.580848,12.0,0.15981014508357344
2025-07-14 01:00:22.580863,13.0,0.0
2025-07-14 01:00:22.580876,14.0,0.9999965737062132
2025-07-14 01:01:22.704216,6.0,0.0018222634219864588
2025-07-14 01:01:22.704240,7.0,0.14610816416357797
2025-07-14 01:01:22.704255,8.0,0.1387046770848959
2025-07-14 01:01:22.704270,9.0,0.09138751271650492
2025-07-14 01:01:22.704285,10.0,0.5738405259967665
2025-07-14 01:01:22.704299,12.0,0.1471849186175456
2025-07-14 01:01:22.704313,13.0,0.0
2025-07-14 01:01:22.704326,14.0,0.9999965437003813
2025-07-14 01:02:22.826685,6.0,0.0
2025-07-14 01:02:22.826708,7.0,0.14750321607924596
2025-07-14 01:02:22.826724,8.0,0.12879929022355796
2025-07-14 01:02:22.826739,9.0,0.07527113894336833
2025-07-14 01:02:22.826754,10.0,0.5847039242003852
2025-07-14 01:02:22.826768,12.0,0.16069322293728866
2025-07-14 01:02:22.826782,13.0,0.010673656226365746
2025-07-14 01:02:22.826796,14.0,0.999996505144038
2025-07-14 01:03:22.947358,6.0,0.03897018479535012
2025-07-14 01:03:22.947385,7.0,0.12059688622907531
2025-07-14 01:03:22.947400,8.0,0.11713606287255662
2025-07-14 01:03:22.947414,9.0,0.06879234842880652
2025-07-14 01:03:22.947428,10.0,0.5328968785431607
2025-07-14 01:03:22.947443,12.0,0.0940903397896677
2025-07-14 01:03:22.947456,13.0,0.0
2025-07-14 01:03:22.947470,14.0,0.9999965585021581
2025-07-14 01:04:23.064402,6.0,0.0851287795960702
2025-07-14 01:04:23.064429,7.0,0.1267232603083963
2025-07-14 01:04:23.064446,8.0,0.1301701790904163
2025-07-14 01:04:23.064461,9.0,0.0842787764969745
2025-07-14 01:04:23.064476,10.0,0.551427289760735
2025-07-14 01:04:23.064490,12.0,0.1393087281280864
2025-07-14 01:04:23.064504,13.0,0.0
2025-07-14 01:04:23.064518,14.0,0.9999966667787539
2025-07-14 01:05:23.174526,6.0,0.06548258712804046
2025-07-14 01:05:23.174549,7.0,0.10402732732328034
2025-07-14 01:05:23.174564,8.0,0.09263817340589417
2025-07-14 01:05:23.174578,9.0,0.05268111109584198
2025-07-14 01:05:23.174593,10.0,0.5411784973136446
2025-07-14 01:05:23.174607,12.0,0.12001303420544653
2025-07-14 01:05:23.174621,13.0,0.0
2025-07-14 01:05:23.174634,14.0,0.999996550405215
2025-07-14 01:06:23.296015,6.0,0.07268199662047432
2025-07-14 01:06:23.296040,7.0,0.12843765016292089
2025-07-14 01:06:23.296055,8.0,0.055980462044703215
2025-07-14 01:06:23.296070,9.0,0.022544125981241156
2025-07-14 01:06:23.296085,10.0,0.5754881340031294
2025-07-14 01:06:23.296099,12.0,0.13077225255642536
2025-07-14 01:06:23.296113,13.0,0.0
2025-07-14 01:06:23.296126,14.0,0.9999965485047568
2025-07-14 01:07:23.418842,6.0,0.0012528413519709335
2025-07-14 01:07:23.418866,7.0,0.15109779339132448
2025-07-14 01:07:23.418882,8.0,0.06397211936545703
2025-07-14 01:07:23.418896,9.0,0.03453628866707395
2025-07-14 01:07:23.418910,10.0,0.571297316518732
2025-07-14 01:07:23.418925,12.0,0.1318131514540163
2025-07-14 01:07:23.418938,13.0,0.0
2025-07-14 01:07:23.418952,14.0,0.9999965888150958
2025-07-14 01:08:23.539796,6.0,0.0
2025-07-14 01:08:23.539819,7.0,0.15698346757370052
2025-07-14 01:08:23.539835,8.0,0.04399946106911482
2025-07-14 01:08:23.539850,9.0,0.017511546620508044
2025-07-14 01:08:23.539864,10.0,0.5849512665745653
2025-07-14 01:08:23.539879,12.0,0.12663150130775708
2025-07-14 01:08:23.539893,13.0,0.01869247049587892
2025-07-14 01:08:23.539907,14.0,0.9999965473581907
2025-07-14 01:09:23.671390,6.0,0.03745453993677881
2025-07-14 01:09:23.671415,7.0,0.17952563537487776
2025-07-14 01:09:23.671430,8.0,0.05021434464768232
2025-07-14 01:09:23.671445,9.0,0.0
2025-07-14 01:09:23.671459,10.0,0.6164485381806586
2025-07-14 01:09:23.671473,12.0,0.16205031941446418
2025-07-14 01:09:23.671486,13.0,0.05697272566461542
2025-07-14 01:09:23.671500,14.0,0.9999966839594674
2025-07-14 01:10:23.789008,6.0,0.046178469913004574
2025-07-14 01:10:23.789032,7.0,0.18803496043269266
2025-07-14 01:10:23.789047,8.0,0.10149157832694235
2025-07-14 01:10:23.789062,9.0,0.0
2025-07-14 01:10:23.789076,10.0,0.6239208175107664
2025-07-14 01:10:23.789090,12.0,0.15932804746844198
2025-07-14 01:10:23.789104,13.0,0.038356764663677656
2025-07-14 01:10:23.789117,14.0,0.9999966988254855
2025-07-14 01:11:23.913443,6.0,0.11790075647601408
2025-07-14 01:11:23.913476,7.0,0.1732440275374759
2025-07-14 01:11:23.913496,8.0,0.08144744013125031
2025-07-14 01:11:23.913513,9.0,0.0
2025-07-14 01:11:23.913528,10.0,0.6355861435070078
2025-07-14 01:11:23.913544,12.0,0.1415893258767388
2025-07-14 01:11:23.913559,13.0,0.04175123178534921
2025-07-14 01:11:23.913574,14.0,0.9999967494942342
2025-07-14 01:12:24.030657,6.0,0.12181587858876078
2025-07-14 01:12:24.030682,7.0,0.17321715348935543
2025-07-14 01:12:24.030698,8.0,0.07730204271693777
2025-07-14 01:12:24.030712,9.0,0.0
2025-07-14 01:12:24.030726,10.0,0.6322501373497126
2025-07-14 01:12:24.030740,12.0,0.14647946424513647
2025-07-14 01:12:24.030754,13.0,0.04481695512771894
2025-07-14 01:12:24.030768,14.0,0.999996770075499
2025-07-14 01:13:24.154131,6.0,0.14147083846744393
2025-07-14 01:13:24.154156,7.0,0.17708601255184736
2025-07-14 01:13:24.154172,8.0,0.111419800599285
2025-07-14 01:13:24.154186,9.0,0.0
2025-07-14 01:13:24.154200,10.0,0.6212873774249771
2025-07-14 01:13:24.154213,12.0,0.16842991917548447
2025-07-14 01:13:24.154227,13.0,0.04049376820750853
2025-07-14 01:13:24.154241,14.0,0.9999968630752364
2025-07-14 01:14:24.274586,6.0,0.09407191884330547
2025-07-14 01:14:24.274611,7.0,0.18077471610000262
2025-07-14 01:14:24.274626,8.0,0.004706448563623762
2025-07-14 01:14:24.274641,9.0,0.0
2025-07-14 01:14:24.274655,10.0,0.6124860836886306
2025-07-14 01:14:24.274670,12.0,0.2043902219965035
2025-07-14 01:14:24.274684,13.0,0.029450198117280123
2025-07-14 01:14:24.274698,14.0,0.9999966565976026
2025-07-14 01:15:24.392550,6.0,0.11578624370993111
2025-07-14 01:15:24.392575,7.0,0.20037428222039755
2025-07-14 01:15:24.392591,8.0,0.07380778525712867
2025-07-14 01:15:24.392605,9.0,0.0
2025-07-14 01:15:24.392618,10.0,0.6334503937705515
2025-07-14 01:15:24.392632,12.0,0.23791429310009934
2025-07-14 01:15:24.392646,13.0,0.034109374417950256
2025-07-14 01:15:24.392660,14.0,0.9999967270438
2025-07-14 01:16:24.516540,6.0,0.11187389549410784
2025-07-14 01:16:24.516563,7.0,0.2111198941658763
2025-07-14 01:16:24.516578,8.0,0.07880685747912361
2025-07-14 01:16:24.516592,9.0,0.0
2025-07-14 01:16:24.516606,10.0,0.6401415978978239
2025-07-14 01:16:24.516620,12.0,0.24538401808530624
2025-07-14 01:16:24.516634,13.0,0.02823342779466335
2025-07-14 01:16:24.516647,14.0,0.9999967453083162
2025-07-14 01:17:24.641545,6.0,0.11715625903923048
2025-07-14 01:17:24.641573,7.0,0.1769506208112985
2025-07-14 01:17:24.641589,8.0,0.013918396897577871
2025-07-14 01:17:24.641604,9.0,0.0
2025-07-14 01:17:24.641618,10.0,0.6397035266004445
2025-07-14 01:17:24.641633,12.0,0.21865584391675483
2025-07-14 01:17:24.641647,13.0,0.023221819879558035
2025-07-14 01:17:24.641661,14.0,0.9999966704265372
2025-07-14 01:18:24.765573,6.0,0.1009170927374001
2025-07-14 01:18:24.765596,7.0,0.1716166636622221
2025-07-14 01:18:24.765612,8.0,0.012527009954945174
2025-07-14 01:18:24.765627,9.0,0.0
2025-07-14 01:18:24.765641,10.0,0.6462963746016489
2025-07-14 01:18:24.765655,12.0,0.21801548302443238
2025-07-14 01:18:24.765669,13.0,0.030824235894392864
2025-07-14 01:18:24.765683,14.0,0.9999966139054286
2025-07-14 01:19:24.888844,6.0,0.1009170927374001
2025-07-14 01:19:24.888869,7.0,0.1716166636622221
2025-07-14 01:19:24.888884,8.0,0.012527009954945174
2025-07-14 01:19:24.888899,9.0,0.0
2025-07-14 01:19:24.888912,10.0,0.6462963746016489
2025-07-14 01:19:24.888926,12.0,0.21801548302443238
2025-07-14 01:19:24.888940,13.0,0.030824235894392864
2025-07-14 01:19:24.888954,14.0,0.9999966139054286
2025-07-14 01:20:25.015068,6.0,0.04195596481464867
2025-07-14 01:20:25.015095,7.0,0.1812472243843793
2025-07-14 01:20:25.015112,8.0,0.045222571246445104
2025-07-14 01:20:25.015127,9.0,0.0
2025-07-14 01:20:25.015142,10.0,0.6111214493833258
2025-07-14 01:20:25.015156,12.0,0.2432383214264138
2025-07-14 01:20:25.015170,13.0,0.04676623236376911
2025-07-14 01:20:25.015184,14.0,0.9999966170435458
2025-07-14 01:21:25.119470,6.0,0.0024230197112349596
2025-07-14 01:21:25.119496,7.0,0.23025320299274574
2025-07-14 01:21:25.119511,8.0,0.10246104198078596
2025-07-14 01:21:25.119524,9.0,0.0
2025-07-14 01:21:25.119537,10.0,0.5831474804742912
2025-07-14 01:21:25.119551,12.0,0.20824257613301805
2025-07-14 01:21:25.119564,13.0,0.05534697255328248
2025-07-14 01:21:25.119577,14.0,0.9999966583443781
